date,doy,linear_fill,is_real_obs,gap_days_to_obs,sg_w11_p2,sg_w11_p3,sg_w21_p2,sg_w21_p3,sg_w31_p2,sg_w31_p3,sg_w41_p2,sg_w41_p3
2025-09-15,0,0.43233621337643413,True,0.0,0.43233621337643435,0.43233621337643474,0.43482551311012196,0.4348255131101238,0.42599381163938554,0.4364797850534274,0.418236820045555,0.4323067750620415
2025-09-16,1,0.41157715716139126,False,1.0,0.4105601004130561,0.4129332328258382,0.4096943952960706,0.40946914304603244,0.4062511654575072,0.40916575475855105,0.4055439606378805,0.40706938259307224
2025-09-17,2,0.39081810094634833,False,2.0,0.3875126665142585,0.3909105606507422,0.3886615218588209,0.3859584948583889,0.3890711735953529,0.38666994734524895,0.39146672319918113,0.3910228329694149
2025-09-18,3,0.37005904473130546,False,2.0,0.3669462346833702,0.36888788847564685,0.3709859102096801,0.36608236279145245,0.3738252712473657,0.36805038081561076,0.374137275111448,0.37821589843779035
2025-09-19,4,0.34929998851626254,False,1.0,0.3497314671367686,0.3502293270835062,0.3558365103241147,0.34980544293195226,0.36004058808317685,0.352404193193547,0.356349325249782,0.3642311185201248
2025-09-20,5,0.32854093230121967,True,0.0,0.3355109715555455,0.33551097155554543,0.34252424268321296,0.3364170273981073,0.34736316238830467,0.338970557641624,0.3395675829295522,0.348743361791948
2025-09-21,6,0.32202067056287115,False,1.0,0.32357084807809844,0.3235708480780984,0.3305285388991018,0.3251157301971613,0.3321854654142469,0.33009804589663655,0.32465000585249765,0.33242449461880574
2025-09-22,7,0.31550040882452257,False,2.0,0.3143631025547334,0.3143631025547334,0.3194704076717922,0.3152220843062393,0.3148849323075505,0.3210993955244542,0.3118957377957026,0.3165515530938777
2025-09-23,8,0.30898014708617405,False,2.0,0.3071735060200795,0.30717350602007953,0.30907808428215133,0.3062230822709436,0.2997713665972363,0.30875268292452035,0.3012828162189373,0.302109404574684
2025-09-24,9,0.3024598853478255,False,1.0,0.30101774259721753,0.3010177425972176,0.29915772068326674,0.29775511754027334,0.2871519687411915,0.2956369604761085,0.2926300784009549,0.289684771085557
2025-09-25,10,0.29593962360947695,True,0.0,0.2946414094976791,0.2946414094976791,0.28957111970849575,0.28957111970849636,0.27697553318246393,0.28344773434433,0.2856890397437213,0.27952066431429207
2025-09-26,11,0.2867672958998843,False,1.0,0.2865200170214465,0.2865200170214465,0.27834523989817533,0.27834523989817583,0.26928799094750616,0.2731752353306541,0.28019473692016034,0.27161148463185447
2025-09-27,12,0.27759496819029167,False,2.0,0.2778793389004949,0.27787933890049493,0.2660830184883514,0.26608301848835175,0.26367581029287357,0.2653232526291534,0.2758925902264855,0.26579294753304455
2025-09-28,13,0.26842264048069897,False,3.0,0.2688121047142382,0.2688121047142382,0.25683520161610035,0.2568352016161005,0.2597324295343066,0.25992388875256456,0.27255137110931005,0.2618128266374684
2025-09-29,14,0.25925031277110633,False,4.0,0.2594728637617002,0.25947286376170026,0.2501933398349626,0.25019333983496284,0.2570905904913993,0.2567458941284689,0.2699682547720334,0.2593813206393361
2025-09-30,15,0.2500779850615137,False,5.0,0.25007798506151363,0.25007798506151363,0.24567949616793877,0.24567949616793888,0.2554340463937159,0.2554340463937159,0.2679695000173543,0.2582042935638215
2025-10-01,16,0.24090565735192104,False,4.0,0.23601149472193295,0.23601149472193297,0.24300769162827007,0.24300769162827013,0.2551900565897982,0.25519005658979815,0.2664088432844308,0.25800356712739014
2025-10-02,17,0.2317333296423284,False,3.0,0.22316854503984943,0.22316854503984943,0.2427004699273883,0.24270046992738828,0.25593395891442955,0.25593395891442955,0.26516482244552947,0.25852804594815293
2025-10-03,18,0.22256100193273573,False,2.0,0.2203900851451845,0.2203900851451845,0.2444767662223115,0.2444767662223115,0.2574132264468392,0.2574132264468392,0.2641377239274153,0.2595586768040983
2025-10-04,19,0.21338867422314306,False,1.0,0.2259714197591937,0.22597141975919374,0.24804786457086297,0.24804786457086297,0.2593585669050266,0.2593585669050266,0.26324653497874184,0.260909462475314
2025-10-05,20,0.20421634651355042,True,0.0,0.23798245716754643,0.23798245716754643,0.2531173979316716,0.25311739793167154,0.2614839226457609,0.261483922645761,0.2624260981381947,0.26242609813819545
2025-10-06,21,0.2533661234779812,False,1.0,0.25466018221655523,0.2546601822165553,0.259381348164171,0.25938134816417097,0.2634864706645814,0.2634864706645815,0.26364729958037414,0.26364729958037486
2025-10-07,22,0.302515900442412,True,0.0,0.2731331190754303,0.27313311907543036,0.26628876188081924,0.2662887618808192,0.2658543851300704,0.2658543851300704,0.2650682457137999,0.26506824571380055
2025-10-08,23,0.3030130798194648,False,1.0,0.29041341575452584,0.29041341575452584,0.2734206170144184,0.27342061701441833,0.26848888953126965,0.2684888895312697,0.26654380795495947,0.26654380795496024
2025-10-09,24,0.3035102591965176,False,1.0,0.3033968441053406,0.3033968441053406,0.2803415706830768,0.2803415706830767,0.2712888406151403,0.2712888406151403,0.2679216238682005,0.2679216238682012
2025-10-10,25,0.3040074385735704,True,0.0,0.30886279982051756,0.30886279982051756,0.28659995919020836,0.2865999591902083,0.2741507283865628,0.27415072838656274,0.2690420971657297,0.2690420971657303
2025-10-11,26,0.29982764807888773,False,1.0,0.30347430243384377,0.3034743024338438,0.2917277980245334,0.2917277980245333,0.2769686761083365,0.2769686761083364,0.26973839770761393,0.2697383977076146
2025-10-12,27,0.29564785758420503,False,2.0,0.2961493508571649,0.29614935085716493,0.2952407818600777,0.29524078186007763,0.2794839893951366,0.2794839893951365,0.27042417909744065,0.27042417909744126
2025-10-13,28,0.29146806708952233,False,3.0,0.29215489483292395,0.29215489483292395,0.2966382845561734,0.29663828455617336,0.28154180775911747,0.28154180775911747,0.2710517156718279,0.2710517156718285
2025-10-14,29,0.2872882765948397,False,4.0,0.28768074959106915,0.28768074959106915,0.29540335915745836,0.29540335915745836,0.28298222213602076,0.28298222213602076,0.27157226057482725,0.27157226057482775
2025-10-15,30,0.28310848610015704,False,5.0,0.28310848610015693,0.283108486100157,0.29100273789387654,0.29100273789387654,0.2836402748851746,0.28364027488517457,0.27193604575792346,0.27193604575792396
2025-10-16,31,0.27892869560547434,False,6.0,0.27892869560547423,0.2789286956054743,0.2828868321806776,0.28288683218067784,0.2833459597894946,0.28334595978949456,0.27182205568204393,0.2718220556820444
2025-10-17,32,0.27474890511079164,False,7.0,0.27474890511079164,0.2747489051107917,0.27575187740103624,0.27575187740103646,0.2819242220554827,0.28192422205548273,0.271140125959572,0.2711401259595724
2025-10-18,33,0.270569114616109,False,8.0,0.27056911461610894,0.27056911461610894,0.271208203666905,0.27120820366690523,0.27919495831322805,0.279194958313228,0.26988001170167575,0.2698800117016761
2025-10-19,34,0.26638932412142635,False,9.0,0.2663893241214263,0.2663893241214263,0.2666507696422066,0.26665076964220685,0.27497301661640666,0.2749730166164066,0.2680256429009739,0.26802564290097425
2025-10-20,35,0.26220953362674365,False,10.0,0.2622095336267436,0.2622095336267436,0.26220953362674354,0.2622095336267437,0.26906819644228147,0.26906819644228147,0.2655551244315358,0.265555124431536
2025-10-21,36,0.25802974313206095,False,11.0,0.2580297431320609,0.25802974313206095,0.2580297431320609,0.25802974313206106,0.2609421028622533,0.2609421028622533,0.2627177603731106,0.2627177603731109
2025-10-22,37,0.2538499526373783,False,12.0,0.2538499526373783,0.2538499526373783,0.2538499526373782,0.2538499526373785,0.25382558576476855,0.25382558576476855,0.25940710422471347,0.2594071042247137
2025-10-23,38,0.24967016214269563,False,12.0,0.24967016214269558,0.24967016214269558,0.2496701621426956,0.24967016214269583,0.2486005154303305,0.2486005154303305,0.25551462288670496,0.2555146228867053
2025-10-24,39,0.24549037164801296,False,11.0,0.2454903716480129,0.24549037164801293,0.2454903716480129,0.24549037164801313,0.24343419119275253,0.24343419119275253,0.2509296966607913,0.25092969666079157
2025-10-25,40,0.2413105811533303,False,10.0,0.2413105811533303,0.24131058115333032,0.24131058115333018,0.24131058115333043,0.2384876573347112,0.23848765733471117,0.24553961925002415,0.24553961925002446
2025-10-26,41,0.23713079065864762,False,9.0,0.2371307906586476,0.2371307906586476,0.2366635703611414,0.23666357036114163,0.23427001401514772,0.23427001401514774,0.23927580061339349,0.23927580061339374
2025-10-27,42,0.23295100016396494,False,8.0,0.2329510001639649,0.23295100016396492,0.2318089061033944,0.23180890610339464,0.2305439025200963,0.2305439025200963,0.23441649398560968,0.2344164939856101
2025-10-28,43,0.22877120966928227,False,7.0,0.22877120966928227,0.22877120966928233,0.2269788323876214,0.2269788323876216,0.22726419311582308,0.22726419311582305,0.23117946765714084,0.23117946765714129
2025-10-29,44,0.2245914191745996,False,6.0,0.22459141917459954,0.22459141917459954,0.22237827039693914,0.22237827039693933,0.22438596869045585,0.22438596869045582,0.22804946818827931,0.22804946818827979
2025-10-30,45,0.22041162867991693,False,5.0,0.22041162867991693,0.22041162867991695,0.2181848184900487,0.2181848184900489,0.22186452475398383,0.22186452475398383,0.22508431409084168,0.2250843140908421
2025-10-31,46,0.21623183818523425,False,4.0,0.21553046319317384,0.2155304631931738,0.2150277262616644,0.21502772626166447,0.21971403995619038,0.21971403995619038,0.22234189635994378,0.2223418963599442
2025-11-01,47,0.21205204769055158,False,3.0,0.21082464145444585,0.21082464145444588,0.212763849721418,0.21276384972141815,0.21786928129438368,0.21786928129438365,0.2196871328132538,0.21968713281325422
2025-11-02,48,0.2078722571958689,False,2.0,0.206976055817125,0.20697605581712503,0.21125073223349838,0.21125073223349852,0.21601417451012422,0.21601417451012417,0.2171341853986802,0.21713418539868062
2025-11-03,49,0.20369246670118624,False,1.0,0.20447177224792,0.20447177224792004,0.2103466045166511,0.21034660451665124,0.21417698021926118,0.21417698021926118,0.21469524789562597,0.21469524789562633
2025-11-04,50,0.19951267620650356,True,0.0,0.20360403032685587,0.20360403032685592,0.2099103846441786,0.20991038464417872,0.21238139755984242,0.21238139755984245,0.21238054591498806,0.21238054591498845
2025-11-05,51,0.20369093770054073,False,1.0,0.20518926258274323,0.2051892625827432,0.20988156261338756,0.2098815626133876,0.21064656419211417,0.21064656419211417,0.21019833689915837,0.21019833689915876
2025-11-06,52,0.20786919919457789,False,2.0,0.2082312816529043,0.2082312816529043,0.2100760508903345,0.21007605089033457,0.20898705629852063,0.20898705629852063,0.2081549101220228,0.20815491012202325
2025-11-07,53,0.21204746068861505,False,2.0,0.2117388013811638,0.2117388013811638,0.2099713235159969,0.20997132351599704,0.20741288858370505,0.20741288858370507,0.20625458668896185,0.20625458668896227
2025-11-08,54,0.2162257221826522,False,1.0,0.21472543681784875,0.2147254368178487,0.20958500944108902,0.20958500944108915,0.20592951427450873,0.2059295142745087,0.20449971953685045,0.20449971953685087
2025-11-09,55,0.22040398367668937,True,0.0,0.21620970421978833,0.21620970421978838,0.20891999147249368,0.20891999147249377,0.20453782511997157,0.2045378251199715,0.20289069343405763,0.20289069343405808
2025-11-10,56,0.21601393142305744,False,1.0,0.215334941010044,0.21533494101004402,0.20796440627326238,0.20796440627326246,0.2032341513913316,0.20323415139133164,0.20142592498044712,0.2014259249804476
2025-11-11,57,0.21162387916942552,False,2.0,0.21275248602760682,0.21275248602760682,0.2066916443626155,0.20669164436261558,0.2020102618820257,0.20201026188202573,0.20010186260737708,0.20010186260737747
2025-11-12,58,0.20723382691579362,False,2.0,0.2081292450284307,0.20812924502843075,0.20506035011594206,0.20506035011594215,0.20085336390768876,0.2008533639076888,0.19891298657769985,0.19891298657770026
2025-11-13,59,0.2028437746621617,False,1.0,0.20252638022577732,0.20252638022577735,0.20301442176479997,0.20301442176479997,0.19974610330615436,0.19974610330615436,0.19785180898576224,0.19785180898576268
2025-11-14,60,0.19845372240852976,True,0.0,0.19709473230821703,0.19709473230821709,0.20048301139691557,0.20048301139691568,0.1986665644374544,0.19866656443745437,0.1969088737574056,0.196908873757406
2025-11-15,61,0.1926346239681197,False,1.0,0.19307482043962862,0.19307482043962862,0.19738052495618433,0.19738052495618438,0.19758827018381914,0.19758827018381914,0.19607275664996543,0.19607275664996585
2025-11-16,62,0.18681552552770964,True,0.0,0.18997932116120891,0.18997932116120891,0.19436073219653963,0.19436073219653965,0.19648018194967726,0.19648018194967726,0.19533006525227192,0.19533006525227234
2025-11-17,63,0.18714658043101107,False,1.0,0.18792988123174642,0.18792988123174645,0.19162275925499306,0.19162275925499314,0.1953066996616561,0.19530669966165604,0.1946654389846494,0.1946654389846498
2025-11-18,64,0.18747763533431247,False,2.0,0.18693809829215224,0.18693809829215224,0.1893783089491408,0.18937830894914084,0.19402766176858105,0.19402766176858105,0.1940615490989168,0.1940615490989172
2025-11-19,65,0.1878086902376139,False,3.0,0.18690552086546042,0.18690552086546044,0.18785166077716295,0.18785166077716306,0.19259834524147623,0.19259834524147626,0.19349909867838738,0.19349909867838783
2025-11-20,66,0.18813974514091533,False,4.0,0.18762364835682763,0.18762364835682763,0.18727967091782405,0.18727967091782413,0.190969465573564,0.190969465573564,0.19295682263786867,0.19295682263786906
2025-11-21,67,0.18847080004421676,False,5.0,0.1884708000442167,0.1884708000442167,0.1871386912908338,0.18713869129083385,0.18956132655938054,0.18956132655938052,0.1924114877236628,0.19241148772366318
2025-11-22,68,0.18880185494751817,False,6.0,0.1888018549475181,0.18880185494751814,0.18736861437794208,0.18736861437794206,0.188454976553932,0.18845497655393198,0.19183789251356617,0.19183789251356662
2025-11-23,69,0.1891329098508196,False,7.0,0.18913290985081957,0.18913290985081954,0.18789389916251104,0.18789389916251104,0.1877353543021433,0.18773535430214328,0.19120886741686963,0.19120886741687004
2025-11-24,70,0.18946396475412103,False,8.0,0.18946396475412094,0.18946396475412097,0.18862357112951444,0.18862357112951444,0.18749128893885827,0.18749128893885825,0.19049527467435856,0.190495274674359
2025-11-25,71,0.18979501965742246,False,9.0,0.18979501965742243,0.1897950196574224,0.18945122226553787,0.1894512222655379,0.18781549998883948,0.18781549998883945,0.18966600835831243,0.18966600835831288
2025-11-26,72,0.19012607456072386,False,10.0,0.19012607456072378,0.19012607456072383,0.1901260745607238,0.1901260745607238,0.18831851950121653,0.1883185195012165,0.18903297963282767,0.1890329796328281
2025-11-27,73,0.1904571294640253,False,11.0,0.19045712946402527,0.1904571294640253,0.1904571294640252,0.1904571294640252,0.18895788370248626,0.18895788370248626,0.18863955197415525,0.1886395519741557
2025-11-28,74,0.19078818436732672,False,12.0,0.1907881843673267,0.19078818436732672,0.1907881843673267,0.19078818436732667,0.18968635471948234,0.1896863547194823,0.1885307674686906,0.18853076746869107
2025-11-29,75,0.19111923927062813,False,13.0,0.19111923927062807,0.1911192392706281,0.19111923927062802,0.19111923927062802,0.19045192057937502,0.19045192057937502,0.18875334681297415,0.1887533468129746
2025-11-30,76,0.19145029417392956,False,14.0,0.19145029417392948,0.1914502941739295,0.19145029417392945,0.19145029417392945,0.1911977952096716,0.19119779520967156,0.1896889994755648,0.18968899947556533
2025-12-01,77,0.191781349077231,False,15.0,0.19178134907723096,0.191781349077231,0.19178134907723093,0.19178134907723088,0.191781349077231,0.191781349077231,0.19094642619071928,0.19094642619071983
2025-12-02,78,0.19211240398053242,False,16.0,0.1921124039805324,0.1921124039805324,0.1921124039805324,0.19211240398053234,0.19211240398053242,0.19211240398053245,0.19241379022001912,0.1924137902200196
2025-12-03,79,0.19244345888383382,False,16.0,0.1924434588838338,0.19244345888383382,0.19244345888383377,0.19244345888383377,0.19244345888383385,0.19244345888383385,0.19398169302814136,0.1939816930281418
2025-12-04,80,0.19277451378713525,False,15.0,0.19277451378713525,0.19277451378713525,0.1927745137871352,0.1927745137871352,0.19277451378713528,0.19277451378713528,0.19554317428285845,0.19554317428285886
2025-12-05,81,0.19310556869043669,False,14.0,0.19310556869043666,0.19310556869043669,0.1931055686904366,0.19310556869043657,0.19352882132280683,0.1935288213228068,0.19699371185503833,0.19699371185503872
2025-12-06,82,0.19343662359373812,False,13.0,0.19343662359373806,0.19343662359373806,0.19343662359373806,0.193436623593738,0.1945552198364305,0.1945552198364305,0.19817223679780155,0.1981722367978019
2025-12-07,83,0.19376767849703952,False,12.0,0.19376767849703946,0.19376767849703946,0.1937676784970394,0.19376767849703944,0.19571297261527257,0.19571297261527257,0.19896569770165168,0.19896569770165207
2025-12-08,84,0.19409873340034095,False,11.0,0.19409873340034092,0.1940987334003409,0.19409873340034084,0.19409873340034087,0.19687176788828298,0.19687176788828298,0.199516710323113,0.19951671032311336
2025-12-09,85,0.19442978830364238,False,10.0,0.19442978830364233,0.19442978830364235,0.1944297883036423,0.19442978830364227,0.19791171882609587,0.1979117188260959,0.1997735463644586,0.19977354636445893
2025-12-10,86,0.19476084320694378,False,9.0,0.19476084320694376,0.19476084320694378,0.19533713527825863,0.19533713527825866,0.19872336354102937,0.19872336354102937,0.19933593330342553,0.19933593330342586
2025-12-11,87,0.19509189811024522,False,8.0,0.19509189811024516,0.19509189811024516,0.19650061206234828,0.19650061206234826,0.19920766508708546,0.1992076650870855,0.198254044946237,0.19825404494623725
2025-12-12,88,0.19542295301354665,False,7.0,0.1954229530135466,0.19542295301354665,0.19763375768478975,0.19763375768478977,0.1992760114599503,0.1992760114599503,0.1965777888079488,0.19657778880794913
2025-12-13,89,0.19575400791684808,False,6.0,0.19575400791684797,0.195754007916848,0.19848381246518185,0.19848381246518187,0.1988502155969939,0.1988502155969939,0.1943568061124495,0.1943568061124498
2025-12-14,90,0.19608506282014948,False,5.0,0.19608506282014943,0.19608506282014945,0.19883171801384328,0.19883171801384342,0.19786251537727023,0.19786251537727023,0.19164047179246005,0.19164047179246024
2025-12-15,91,0.1964161177234509,False,4.0,0.19728122749950405,0.19728122749950405,0.19849211723181334,0.1984921172318135,0.19580726416165914,0.1958072641616591,0.18847789448953392,0.18847789448953414
2025-12-16,92,0.19674717262675234,False,3.0,0.19826111473484534,0.19826111473484537,0.19731335431085117,0.1973133543108513,0.19279766023396047,0.1927976602339605,0.1849179165540572,0.1849179165540574
2025-12-17,93,0.19707822753005377,False,2.0,0.19818364557723275,0.19818364557723275,0.19517747473343608,0.1951774747334363,0.18894628471473576,0.1889462847147357,0.18100911404524853,0.18100911404524866
2025-12-18,94,0.19740928243335518,False,1.0,0.19644804934885163,0.19644804934885163,0.19200022527276772,0.19200022527276792,0.18436510156130773,0.1843651015613077,0.17679979673115903,0.17679979673115914
2025-12-19,95,0.1977403373366566,True,0.0,0.19269386364301314,0.1926938636430131,0.18773105399276582,0.18773105399276607,0.1791654575677604,0.17916545756776037,0.1723380080886725,0.17233800808867258
2025-12-20,96,0.18776216740865784,False,1.0,0.18680093432415432,0.18680093432415434,0.18174270131625794,0.1817427013162582,0.17345808236493945,0.17345808236493945,0.1676715253035051,0.16767152530350515
2025-12-21,97,0.17778399748065904,False,2.0,0.17888941552783802,0.17888941552783805,0.17439113396183312,0.17439113396183342,0.16735308842045166,0.16735308842045168,0.16284785927020573,0.16284785927020584
2025-12-22,98,0.16780582755266027,False,3.0,0.1693197696607533,0.16931976966075324,0.16603032351003993,0.16603032351004024,0.1609599710386653,0.16095997103866533,0.15791425459215583,0.15791425459215586
2025-12-23,99,0.1578276576246615,False,4.0,0.15869276740071464,0.1586927674007146,0.15701224640338599,0.15701224640338632,0.15438760836071003,0.15438760836071,0.15291768958156918,0.1529176895815692
2025-12-24,100,0.1478494876966627,False,5.0,0.14784948769666267,0.1478494876966627,0.14768688394633814,0.14768688394633844,0.14774426136447683,0.14774426136447685,0.14790487625949228,0.14790487625949233
2025-12-25,101,0.13787131776866393,False,4.0,0.13695499293862376,0.13695499293862376,0.13840222230532243,0.13840222230532273,0.14113757386461803,0.14113757386461803,0.1429222603558042,0.14292226035580433
2025-12-26,102,0.12789314784066513,False,3.0,0.1262895793880949,0.12628957938809487,0.12950425250872413,0.12950425250872444,0.13467457251254747,0.13467457251254747,0.13801602130921647,0.13801602130921659
2025-12-27,103,0.11791497791266636,False,2.0,0.11674411840761502,0.11674411840761505,0.12133697044688774,0.12133697044688803,0.12846166679644022,0.1284616667964402,0.13323207226727338,0.13323207226727343
2025-12-28,104,0.10793680798466758,False,1.0,0.10895494668471217,0.10895494668471217,0.11424237687211687,0.11424237687211718,0.12260464904123268,0.12260464904123268,0.12861606008635135,0.12861606008635149
2025-12-29,105,0.0979586380566688,True,0.0,0.10330386623190295,0.10330386623190296,0.10856047739867454,0.10856047739867482,0.11720869440862287,0.11720869440862289,0.12421336533165975,0.12421336533165993
2025-12-30,106,0.09890000568664839,False,1.0,0.09991814438669296,0.09991814438669296,0.10462928250278279,0.104629282502783,0.11237836089706996,0.11237836089706996,0.12006910227724034,0.1200691022772405
2025-12-31,107,0.09984137331662798,False,2.0,0.09867051381157665,0.09867051381157667,0.10185465189874619,0.10185465189874637,0.10821758934179454,0.10821758934179457,0.11622811890596736,0.11622811890596757
2026-01-01,108,0.10078274094660758,False,3.0,0.09917917249403731,0.09917917249403732,0.10018304094342338,0.10018304094342352,0.10482970341477864,0.10482970341477864,0.1127349969095478,0.11273499690954802
2026-01-02,109,0.10172410857658717,False,4.0,0.100807783746547,0.10080778374654702,0.09952520856491186,0.09952520856491197,0.1023174096247656,0.1023174096247656,0.10963405168852106,0.10963405168852129
2026-01-03,110,0.10266547620656677,False,5.0,0.10266547620656674,0.10266547620656676,0.09975621726254828,0.09975621726254835,0.10078279731726014,0.10078279731726016,0.10696933235225904,0.10696933235225933
2026-01-04,111,0.10360684383654636,False,6.0,0.10360684383654636,0.10360684383654636,0.10071543310690839,0.10071543310690842,0.10032733867452838,0.10032733867452838,0.10478462171896631,0.10478462171896666
2026-01-05,112,0.10454821146652596,False,7.0,0.10454821146652594,0.10454821146652593,0.10220652573980679,0.10220652573980676,0.10046704948712576,0.10046704948712576,0.10312343631567998,0.10312343631568029
2026-01-06,113,0.10548957909650554,False,8.0,0.10548957909650553,0.10548957909650554,0.10399746837429728,0.10399746837429727,0.10113015607305542,0.10113015607305541,0.10202902637826965,0.10202902637827
2026-01-07,114,0.10643094672648513,False,9.0,0.1064309467264851,0.10643094672648512,0.10582053779467265,0.1058205377946726,0.10223384264539746,0.10223384264539746,0.10154437585143748,0.1015443758514378
2026-01-08,115,0.10737231435646473,False,10.0,0.1073723143564647,0.10737231435646469,0.10737231435646469,0.10737231435646465,0.10368425131230985,0.10368425131230985,0.10171220238871817,0.10171220238871853
2026-01-09,116,0.10831368198644432,False,11.0,0.1083136819864443,0.10831368198644432,0.10831368198644431,0.10831368198644425,0.10537648207702756,0.10537648207702754,0.1025749573524791,0.10257495735247946
2026-01-10,117,0.10925504961642392,False,12.0,0.10925504961642389,0.1092550496164239,0.10925504961642388,0.10925504961642381,0.10719459283786315,0.10719459283786312,0.10374930433870683,0.10374930433870719
2026-01-11,118,0.11019641724640351,False,13.0,0.11019641724640346,0.11019641724640349,0.11019641724640349,0.11019641724640342,0.10901159938820647,0.10901159938820647,0.105180452701249,0.10518045270124939
2026-01-12,119,0.11113778487638311,False,14.0,0.1111377848763831,0.11113778487638311,0.11113778487638307,0.11113778487638303,0.11068947541652478,0.11068947541652478,0.10680884738993993,0.10680884738994026
2026-01-13,120,0.1120791525063627,False,15.0,0.11207915250636269,0.1120791525063627,0.11207915250636268,0.11207915250636262,0.11207915250636272,0.11207915250636269,0.10857016895060062,0.10857016895060095
2026-01-14,121,0.1130205201363423,False,16.0,0.11302052013634226,0.11302052013634227,0.11302052013634226,0.11302052013634219,0.11302052013634231,0.11302052013634233,0.110395333525039,0.11039533352503932
2026-01-15,122,0.11396188776632189,False,17.0,0.11396188776632188,0.11396188776632189,0.11396188776632186,0.11396188776632182,0.11396188776632188,0.11396188776632186,0.11221049285104946,0.1122104928510498
2026-01-16,123,0.11490325539630149,False,18.0,0.11490325539630147,0.11490325539630149,0.11490325539630142,0.11490325539630139,0.11490325539630152,0.1149032553963015,0.11393703426241344,0.11393703426241375
2026-01-17,124,0.11584462302628108,False,19.0,0.11584462302628104,0.11584462302628105,0.11584462302628104,0.11584462302628099,0.11584462302628108,0.11584462302628108,0.11549158068889893,0.11549158068889923
2026-01-18,125,0.11678599065626066,False,20.0,0.11678599065626064,0.11678599065626065,0.11678599065626064,0.11678599065626058,0.11678599065626068,0.11678599065626068,0.11678599065626066,0.11678599065626095
2026-01-19,126,0.11772735828624026,False,21.0,0.11772735828624022,0.11772735828624023,0.11772735828624022,0.11772735828624016,0.11772735828624027,0.11772735828624026,0.11772735828624027,0.11772735828624059
2026-01-20,127,0.11866872591621985,False,22.0,0.11866872591621982,0.11866872591621985,0.1186687259162198,0.11866872591621974,0.11866872591621988,0.1186687259162199,0.1186687259162199,0.11866872591622016
2026-01-21,128,0.11961009354619945,False,23.0,0.11961009354619945,0.11961009354619943,0.1196100935461994,0.11961009354619935,0.11961009354619945,0.11961009354619946,0.11961009354619949,0.11961009354619978
2026-01-22,129,0.12055146117617904,False,24.0,0.12055146117617904,0.12055146117617906,0.12055146117617899,0.12055146117617895,0.12055146117617906,0.12055146117617904,0.12055146117617906,0.12055146117617938
2026-01-23,130,0.12149282880615864,False,25.0,0.12149282880615858,0.1214928288061586,0.1214928288061586,0.12149282880615854,0.12149282880615864,0.12149282880615864,0.12149282880615865,0.121492828806159
2026-01-24,131,0.12243419643613823,False,26.0,0.12243419643613819,0.1224341964361382,0.12243419643613818,0.1224341964361381,0.12243419643613826,0.12243419643613825,0.12243419643613829,0.12243419643613854
2026-01-25,132,0.12337556406611783,False,27.0,0.1233755640661178,0.12337556406611783,0.12337556406611778,0.12337556406611773,0.12337556406611784,0.12337556406611783,0.12337556406611788,0.12337556406611815
2026-01-26,133,0.12431693169609742,False,28.0,0.12431693169609742,0.12431693169609741,0.12431693169609734,0.12431693169609731,0.12431693169609745,0.12431693169609744,0.12431693169609744,0.12431693169609774
2026-01-27,134,0.12525829932607702,False,29.0,0.12525829932607696,0.12525829932607702,0.12525829932607696,0.12525829932607688,0.12525829932607702,0.12525829932607702,0.12525829932607707,0.12525829932607738
2026-01-28,135,0.1261996669560566,False,30.0,0.12619966695605656,0.12619966695605658,0.12619966695605658,0.12619966695605653,0.12619966695605664,0.12619966695605664,0.1261996669560566,0.12619966695605694
2026-01-29,136,0.1271410345860362,False,29.0,0.12714103458603618,0.12714103458603618,0.12714103458603615,0.1271410345860361,0.1271410345860362,0.1271410345860362,0.12714103458603623,0.12714103458603654
2026-01-30,137,0.1280824022160158,False,28.0,0.12808240221601574,0.1280824022160158,0.12808240221601574,0.1280824022160157,0.12808240221601583,0.12808240221601583,0.1280824022160158,0.12808240221601613
2026-01-31,138,0.1290237698459954,False,27.0,0.12902376984599534,0.12902376984599537,0.12902376984599534,0.12902376984599528,0.1290237698459954,0.1290237698459954,0.12902376984599542,0.1290237698459957
2026-02-01,139,0.129965137475975,False,26.0,0.12996513747597496,0.129965137475975,0.12996513747597496,0.1299651374759749,0.12996513747597502,0.12996513747597502,0.12996513747597502,0.12996513747597535
2026-02-02,140,0.13090650510595458,False,25.0,0.13090650510595458,0.13090650510595458,0.13090650510595453,0.13090650510595447,0.1309065051059546,0.1309065051059546,0.1309065051059546,0.13090650510595492
2026-02-03,141,0.13184787273593418,False,24.0,0.13184787273593418,0.13184787273593418,0.13184787273593412,0.1318478727359341,0.13184787273593418,0.1318478727359342,0.1318478727359342,0.13184787273593448
2026-02-04,142,0.13278924036591377,False,23.0,0.13278924036591372,0.13278924036591375,0.1327892403659137,0.1327892403659136,0.13278924036591377,0.13278924036591377,0.13278924036591383,0.13278924036591414
2026-02-05,143,0.13373060799589337,False,22.0,0.13373060799589334,0.13373060799589337,0.1337306079958933,0.13373060799589323,0.13373060799589337,0.13373060799589334,0.13373060799589337,0.13373060799589367
2026-02-06,144,0.13467197562587296,False,21.0,0.13467197562587294,0.1346719756258729,0.13467197562587288,0.13467197562587288,0.13467197562587296,0.134671975625873,0.13467197562587302,0.13467197562587332
2026-02-07,145,0.13561334325585256,False,20.0,0.13561334325585253,0.1356133432558526,0.13561334325585248,0.13561334325585242,0.1356133432558526,0.13561334325585256,0.1356133432558526,0.13561334325585292
2026-02-08,146,0.13655471088583215,False,19.0,0.1365547108858321,0.1365547108858321,0.13655471088583213,0.13655471088583207,0.13655471088583215,0.13655471088583218,0.13647760612363782,0.13647760612363816
2026-02-09,147,0.13749607851581175,False,18.0,0.13749607851581172,0.13749607851581175,0.1374960785158117,0.13749607851581164,0.13749607851581178,0.1374960785158118,0.13728505495612195,0.13728505495612228
2026-02-10,148,0.13843744614579134,False,17.0,0.1384374461457913,0.13843744614579132,0.1384374461457913,0.1384374461457912,0.13843744614579134,0.13843744614579132,0.1380549399301011,0.13805493993010143
2026-02-11,149,0.13937881377577094,False,16.0,0.1393788137757709,0.13937881377577094,0.13937881377577085,0.1393788137757708,0.13937881377577097,0.13937881377577094,0.1388054706722744,0.13880547067227475
2026-02-12,150,0.14032018140575053,False,15.0,0.1403201814057505,0.14032018140575053,0.14032018140575045,0.14032018140575037,0.14032018140575053,0.14032018140575053,0.13955381625924382,0.13955381625924415
2026-02-13,151,0.14126154903573013,False,14.0,0.1412615490357301,0.1412615490357301,0.14126154903573004,0.14126154903572996,0.14116363784879382,0.14116363784879382,0.14031610521751425,0.14031610521751461
2026-02-14,152,0.1422029166657097,False,13.0,0.14220291666570967,0.1422029166657097,0.14220291666570964,0.1422029166657096,0.14194415138594943,0.14194415138594943,0.1411074255234935,0.14110742552349384
2026-02-15,153,0.1431442842956893,False,12.0,0.1431442842956893,0.14314428429568932,0.14314428429568926,0.1431442842956892,0.1426942786926766,0.14269427869267656,0.1419418246034922,0.14194182460349256
2026-02-16,154,0.14408565192566888,False,11.0,0.14408565192566886,0.14408565192566886,0.14408565192566883,0.14408565192566877,0.14344416483884473,0.1434441648388447,0.14283230933372412,0.14283230933372446
2026-02-17,155,0.14502701955564848,False,10.0,0.14502701955564845,0.14502701955564848,0.14502701955564845,0.14502701955564837,0.14422154328873396,0.14422154328873396,0.14379084604030568,0.14379084604030604
2026-02-18,156,0.14596838718562807,False,9.0,0.145968387185628,0.14596838718562802,0.14583507332905854,0.14583507332905848,0.1450517359010346,0.14505173590103465,0.14498655977411085,0.1449865597741112
2026-02-19,157,0.14690975481560767,False,8.0,0.1469097548156076,0.1469097548156076,0.1465838764995489,0.14658387649954885,0.14595765292884763,0.1459576529288476,0.14638770437294227,0.1463877043729426
2026-02-20,158,0.14785112244558726,False,7.0,0.14785112244558724,0.14785112244558726,0.1473396961888061,0.14733969618880602,0.14695979301968423,0.1469597930196842,0.1479636280674862,0.14796362806748659
2026-02-21,159,0.14879249007556686,False,6.0,0.14879249007556683,0.14879249007556683,0.14816100338655358,0.14816100338655347,0.14807624321546622,0.14807624321546622,0.1496847734813122,0.14968477348131257
2026-02-22,160,0.14973385770554645,False,5.0,0.14973385770554642,0.14973385770554645,0.14909847295055156,0.14909847295055148,0.14932267895252574,0.14932267895252574,0.15152267763087318,0.15152267763087363
2026-02-23,161,0.15067522533552605,False,4.0,0.1504750991732166,0.15047509917321658,0.15019498360659736,0.1501949836065973,0.15091325280482482,0.15091325280482482,0.15333554446679748,0.1533355444667979
2026-02-24,162,0.15161659296550564,False,3.0,0.15126637218146413,0.15126637218146413,0.15148561794852503,0.15148561794852491,0.15278707101779537,0.15278707101779537,0.15512721228043855,0.155127212280439
2026-02-25,163,0.15255796059548524,False,2.0,0.15230224383253432,0.15230224383253432,0.1529976624382055,0.15299766243820542,0.15488577622988098,0.15488577622988098,0.15690106952582125,0.1569010695258217
2026-02-26,164,0.15349932822546483,False,1.0,0.15372169062803084,0.15372169062803084,0.1547506074055465,0.1547506074055464,0.1571535474725373,0.15715354747253726,0.158660054819642,0.15866005481964243
2026-02-27,165,0.15444069585544443,True,0.0,0.1556080984689159,0.15560809846891588,0.15675614704849292,0.15675614704849275,0.15953710017023187,0.15953710017023182,0.16040665694126843,0.16040665694126888
2026-02-28,166,0.15776690025294438,False,1.0,0.15798926265551036,0.15798926265551036,0.15929170541037327,0.15929170541037316,0.16184038087029767,0.1618403808702977,0.1622037182817588,0.1622037182817592
2026-03-01,167,0.16109310465044432,False,2.0,0.16083738788749338,0.16083738788749338,0.16220142554890213,0.16220142554890205,0.164067072522564,0.164067072522564,0.16403682703818692,0.16403682703818734
2026-03-02,168,0.16441930904794427,False,3.0,0.16406908826390276,0.1640690882639028,0.16533765006102072,0.1653376500610206,0.16621981552233153,0.1662198155223315,0.16589194212966432,0.1658919421296648
2026-03-03,169,0.16774551344544422,False,4.0,0.16754538728313478,0.1675453872831348,0.16856092108289703,0.16856092108289691,0.1683002077103722,0.1683002077103722,0.16775539319733976,0.16775539319734017
2026-03-04,170,0.17107171784294417,False,5.0,0.17107171784294414,0.17107171784294414,0.1717399802899257,0.1717399802899256,0.1703088043729294,0.17030880437292942,0.16961388060439953,0.16961388060439994
2026-03-05,171,0.17439792224044415,False,4.0,0.17480853000131027,0.17480853000131025,0.17455392423209695,0.17455392423209684,0.17232232926855748,0.17232232926855748,0.17145447543606723,0.17145447543606762
2026-03-06,172,0.1777241266379441,False,3.0,0.17844269021945985,0.17844269021945985,0.17699780736583198,0.1769978073658319,0.17431167720771407,0.17431167720771404,0.17326461949960378,0.17326461949960417
2026-03-07,173,0.18105033103544405,False,2.0,0.18157499650766193,0.1815749965076619,0.17906331382335022,0.17906331382335008,0.17624860219575755,0.17624860219575755,0.17510188319835351,0.17510188319835399
2026-03-08,174,0.184376535432944,False,1.0,0.1839203045875371,0.18392030458753714,0.18073875741266887,0.18073875741266876,0.17810571743294737,0.17810571743294734,0.1769360924483772,0.17693609244837763
2026-03-09,175,0.18770273983044394,True,0.0,0.1853075278920579,0.1853075278920579,0.18200908161760335,0.1820090816176033,0.17985649531444367,0.17985649531444362,0.17873838528958153,0.178738385289582
2026-03-10,176,0.18613586841095528,False,1.0,0.18538263998041404,0.18538263998041404,0.18296098854247475,0.18296098854247467,0.18147526743030762,0.1814752674303076,0.18032468487180323,0.18032468487180367
2026-03-11,177,0.1845689969914666,False,2.0,0.1845739166896994,0.18457391668969944,0.18372944929559482,0.18372944929559476,0.18293722456550127,0.18293722456550127,0.18170994480209365,0.18170994480209407
2026-03-12,178,0.18300212557197792,False,2.0,0.18334119223915543,0.18334119223915543,0.1843266948279702,0.18432669482797018,0.18430699846904974,0.18430699846904974,0.18290831843599406,0.1829083184359945
2026-03-13,179,0.18143525415248923,False,1.0,0.18217585923017127,0.1821758592301713,0.1847755297898722,0.18477552978987208,0.18552986196958765,0.18552986196958765,0.18393315887753556,0.18393315887753603
2026-03-14,180,0.17986838273300057,True,0.0,0.1816008686462839,0.18160086864628391,0.18510933253083647,0.18510933253083647,0.18655412890762468,0.18655412890762466,0.18479701897923934,0.18479701897923978
2026-03-15,181,0.18184073253636218,False,1.0,0.1823285457981472,0.1823285457981472,0.18537205509966356,0.18537205509966354,0.18713238890647318,0.18713238890647316,0.18551165134211622,0.1855116513421166
2026-03-16,182,0.1838130823397238,False,2.0,0.18370976332908154,0.18370976332908154,0.18561822324441818,0.18561822324441815,0.18742531648577998,0.18742531648578,0.18608800831566702,0.1860880083156674
2026-03-17,183,0.18578543214308543,False,2.0,0.18546734007656093,0.185467340076561,0.18603354752580983,0.18603354752580983,0.18749623190042322,0.18749623190042328,0.18653624199788227,0.18653624199788266
2026-03-18,184,0.18775778194644704,False,1.0,0.18728543331134695,0.18728543331134695,0.18662669491633238,0.18662669491633235,0.18740901232744842,0.18740901232744842,0.18686570423524274,0.18686570423524315
2026-03-19,185,0.18973013174980866,True,0.0,0.18880953873748849,0.1888095387374885,0.18742395936922843,0.18742395936922843,0.18722809186606876,0.18722809186606876,0.18708494662271874,0.18708494662271924
2026-03-20,186,0.18982184154228765,False,1.0,0.18964649049232185,0.18964649049232188,0.18819862717429034,0.18819862717429037,0.18701846153766502,0.18701846153766502,0.18692330524656378,0.1869233052465642
2026-03-21,187,0.18991355133476667,False,2.0,0.19011520504222723,0.19011520504222723,0.1887211183015279,0.18872111830152788,0.18684566928578522,0.18684566928578525,0.1865594344108621,0.18655943441086248
2026-03-22,188,0.19000526112724567,False,3.0,0.19046249627340497,0.19046249627340497,0.1890211834204765,0.18902118342047647,0.18677581997614537,0.18677581997614537,0.18609136666516965,0.18609136666517004
2026-03-23,189,0.1900969709197247,False,3.0,0.1905716370390046,0.19057163703900462,0.18911437792285074,0.18911437792285077,0.1868755753966286,0.1868755753966286,0.18561361756670927,0.18561361756670972
2026-03-24,190,0.19018868071220368,False,2.0,0.19042003163312896,0.19042003163312896,0.1890020619225439,0.1890020619225439,0.1872121542572858,0.18721215425728582,0.18521718568037016,0.18521718568037063
2026-03-25,191,0.1902803905046827,False,1.0,0.18967294839954268,0.18967294839954268,0.18867140025562787,0.18867140025562784,0.18749978764239186,0.18749978764239186,0.18498955257870814,0.18498955257870864
2026-03-26,192,0.1903721002971617,True,0.0,0.18860496511469838,0.1886049651146984,0.18841469071098665,0.18841469071098663,0.1876554912947703,0.18765549129477027,0.18501468284194533,0.18501468284194583
2026-03-27,193,0.18830621128361985,False,1.0,0.1875859171253432,0.1875859171253432,0.18832376099848028,0.1883237609984802,0.18778407063023853,0.18778407063023853,0.18537302405797054,0.18537302405797107
2026-03-28,194,0.186240322270078,False,1.0,0.1869230814035498,0.18692308140354982,0.1884878134135762,0.18848781341357615,0.18797723199438846,0.18797723199438843,0.18614150682233893,0.18614150682233946
2026-03-29,195,0.18417443325653615,True,0.0,0.18686117654671613,0.18686117654671613,0.18899342483734977,0.1889934248373497,0.18831358266258613,0.18831358266258613,0.18739354473827233,0.1873935447382729
2026-03-30,196,0.1869498973225558,False,1.0,0.18758236277756554,0.18758236277756551,0.18944316775793912,0.18944316775793904,0.1888586308399721,0.1888586308399721,0.18965577994738003,0.18965577994738067
2026-03-31,197,0.1897253613885754,False,2.0,0.18920624194414687,0.18920624194414687,0.1900161191879993,0.1900161191879992,0.18986556461848614,0.18986556461848614,0.19267243026996736,0.19267243026996797
2026-04-01,198,0.19250082545459501,False,3.0,0.19178985751983424,0.19178985751983424,0.19095956096153835,0.19095956096153818,0.19143274669723662,0.19143274669723662,0.19634642477317701,0.19634642477317762
2026-04-02,199,0.19527628952061465,False,4.0,0.19487002212932272,0.19487002212932272,0.19248385078920976,0.1924838507892096,0.19364901965264666,0.1936490196526467,0.20058120449613498,0.20058120449613567
2026-04-03,200,0.1980517535866343,False,5.0,0.1980517535866342,0.19805175358663424,0.19476242225831256,0.1947624222583123,0.19659370593845463,0.19659370593845463,0.20528072244995035,0.2052807224499511
2026-04-04,201,0.2008272176526539,False,4.0,0.20010458813707685,0.20010458813707685,0.19793178483279092,0.19793178483279064,0.2009166044484164,0.20091660444841639,0.2103494436177157,0.21034944361771643
2026-04-05,202,0.20360268171867352,False,3.0,0.2023380800664137,0.2023380800664137,0.20209152385323464,0.2020915238532343,0.20636416761836557,0.20636416761836554,0.2158384291325605,0.2158384291325612
2026-04-06,203,0.20637814578469316,False,2.0,0.20545478584812252,0.20545478584812252,0.2073043005368789,0.2073043005368786,0.21276292266848376,0.21276292266848373,0.22168636887110085,0.22168636887110166
2026-04-07,204,0.2091536098507128,False,1.0,0.20995653153468719,0.20995653153468719,0.21340118140864,0.21340118140863965,0.21994226057646118,0.21994226057646116,0.22783400891214867,0.2278340089121495
2026-04-08,205,0.2119290739167324,True,0.0,0.21614441275759821,0.21614441275759827,0.22028986670197565,0.22028986670197523,0.22773443607749683,0.22773443607749683,0.23422415153671078,0.23422415153671153
2026-04-09,206,0.22331587304337802,False,1.0,0.22411879472735247,0.2241187947273525,0.22862379062568883,0.22862379062568844,0.2359745676642982,0.2359745676642982,0.24080165522798894,0.2408016552279898
2026-04-10,207,0.23470267217002366,False,2.0,0.23377931223345302,0.233779312233453,0.23822078387070256,0.23822078387070217,0.24450063758708113,0.24450063758708115,0.247435809755359,0.24743580975535998
2026-04-11,208,0.2460894712966693,False,3.0,0.24482486964440944,0.24482486964440947,0.2486460736183393,0.24864607361833888,0.25315349185357056,0.25315349185357056,0.254057943980045,0.2540579439800459
2026-04-12,209,0.2574762704233149,False,4.0,0.25675364090773783,0.25675364090773783,0.25948291818452035,0.25948291818452,0.2616544402967336,0.26165444029673357,0.2606006224060997,0.26060062240610055
2026-04-13,210,0.26886306954996053,False,5.0,0.2688630695499605,0.2688630695499605,0.270332607019766,0.2703326070197656,0.2698140564592339,0.26981405645923395,0.2669976451804055,0.26699764518040636
2026-04-14,211,0.2802498686766062,False,4.0,0.2814353561564169,0.2814353561564169,0.2808144607091953,0.28081446070919497,0.2774435958242694,0.2774435958242694,0.27318404809267366,0.27318404809267444
2026-04-15,212,0.2916366678032518,False,3.0,0.2937112708929206,0.2937112708929206,0.2905658309725261,0.29056583097252575,0.28462964432175386,0.28462964432175386,0.27909610257544504,0.2790961025754458
2026-04-16,213,0.30302346692989746,False,2.0,0.30453825648743327,0.3045382564874333,0.2992421006640752,0.299242100664075,0.2912656002883599,0.29126560028835996,0.28467131570408927,0.28467131570409
2026-04-17,214,0.31441026605654304,False,1.0,0.3130930577456421,0.31309305774564217,0.30651668377275815,0.3065166837727579,0.2972504396965916,0.29725043969659165,0.2897593735856753,0.28975937358567594
2026-04-18,215,0.3257970651831887,True,0.0,0.31888172155095923,0.31888172155095923,0.3120810254220893,0.3120810254220891,0.3024887161547847,0.30248871615478456,0.29428001444233787,0.2942800144423385
2026-04-19,216,0.3230568051754227,False,1.0,0.3217395968645218,0.3217395968645218,0.3156446018701822,0.31564460187018195,0.3068905609071058,0.30689056090710576,0.2982143518233339,0.29821435182333456
2026-04-20,217,0.32031654516765673,False,2.0,0.32183133472519265,0.3218313347251927,0.31771188307160947,0.31771188307160936,0.3103716828335541,0.3103716828335541,0.30166646917153683,0.3016664691715375
2026-04-21,218,0.3175762851598908,False,3.0,0.3196508882495596,0.31965088824955956,0.3183521419544579,0.31835214195445777,0.3128533684499595,0.31285336844995953,0.3045871538384357,0.30458715383843626
2026-04-22,219,0.3148360251521248,False,4.0,0.31602151263193545,0.3160215126319355,0.31768083339887115,0.31768083339887104,0.3142624819079835,0.31426248190798356,0.30693042409805127,0.3069304240980518
2026-04-23,220,0.31209576514435877,False,5.0,0.3120957651443587,0.31209576514435877,0.31585959423705084,0.3158595942370509,0.31453146499511947,0.31453146499511947,0.3086535291469361,0.3086535291469366
2026-04-24,221,0.3093555051365928,False,6.0,0.30935550513659277,0.30935550513659277,0.3130962432532561,0.31309624325325613,0.3136759007179178,0.3136759007179178,0.3097111848227419,0.3097111848227424
2026-04-25,222,0.3066152451288269,False,7.0,0.3066152451288268,0.3066152451288269,0.30964478118380345,0.30964478118380356,0.31210020330752636,0.3121002033075263,0.31006861908325206,0.3100686190832524
2026-04-26,223,0.30387498512106087,False,8.0,0.30387498512106076,0.3038749851210608,0.30580539071706725,0.30580539071706736,0.30987143850985693,0.309871438509857,0.30969421301820876,0.30969421301820915
2026-04-27,224,0.30113472511329487,False,9.0,0.3011347251132948,0.30113472511329487,0.3019244364934793,0.3019244364934794,0.3070728681335292,0.3070728681335292,0.30855950084931366,0.30855950084931405
2026-04-28,225,0.2983944651055289,False,10.0,0.29839446510552886,0.2983944651055289,0.29839446510552875,0.29839446510552886,0.3038039500498702,0.30380395004987015,0.3066391699302278,0.3066391699302282
2026-04-29,226,0.29565420509776297,False,9.0,0.2956542050977629,0.2956542050977629,0.2957598140759882,0.2957598140759884,0.300173018442216,0.300173018442216,0.3039110607465714,0.30391106074657187
2026-04-30,227,0.29291394508999696,False,8.0,0.29291394508999685,0.2929139450899969,0.29317210037010333,0.29317210037010344,0.296314537503987,0.2963145375039871,0.30071160663700064,0.3007116066370011
2026-05-01,228,0.29017368508223096,False,7.0,0.2901736850822309,0.2901736850822309,0.2905788282969433,0.2905788282969435,0.2923789872018854,0.2923789872018855,0.2971057361058441,0.29710573610584456
2026-05-02,229,0.287433425074465,False,6.0,0.2874334250744649,0.28743342507446495,0.2879336781292166,0.2879336781292167,0.2885328632758941,0.28853286327589417,0.29316528808031067,0.29316528808031106
2026-05-03,230,0.28469316506669906,False,5.0,0.28469316506669895,0.284693165066699,0.28519650610327,0.2851965061032702,0.28495867723927837,0.2849586772392784,0.2889690119104888,0.2889690119104893
2026-05-04,231,0.28195290505893306,False,4.0,0.2821114416136582,0.28211144161365825,0.28232337799722035,0.2823233779972205,0.28185495637858465,0.28185495637858465,0.28460256736934664,0.284602567369347
2026-05-05,232,0.27921264505116705,False,3.0,0.2794900840219362,0.2794900840219362,0.2792920388757311,0.2792920388757314,0.2786348199317777,0.27863481993177763,0.28015852465273217,0.28015852465273255
2026-05-06,233,0.2764723850434011,False,2.0,0.2766749595299943,0.2766749595299944,0.2760858269354164,0.2760858269354166,0.27529311384318356,0.27529311384318356,0.27588198179204304,0.2757259706442788
2026-05-07,234,0.27373212503563515,False,1.0,0.27355597330816256,0.2735559733081626,0.27269367350484075,0.27269367350484097,0.2718264142007871,0.2718264142007871,0.2716345600240681,0.27156040306481666
2026-05-08,235,0.27099186502786915,True,0.0,0.27006706845863865,0.27006706845863865,0.26911010304451943,0.26911010304451966,0.26823302723623127,0.2682330272362313,0.2676070611001548,0.2677049041377669
2026-05-09,236,0.2663623777429609,False,1.0,0.2661712647668081,0.2661712647668081,0.2653352331469188,0.26533523314691904,0.26451298932481704,0.2645129893248171,0.26402147534240905,0.26409308210668314
2026-05-10,237,0.26173289045805265,False,2.0,0.26190928275945546,0.2619092827594555,0.26137477453645525,0.26137477453645547,0.2606680669855041,0.26066806698550404,0.2603461682321261,0.2603583913415687
2026-05-11,238,0.2571034031731444,False,2.0,0.257361724992822,0.257361724992822,0.25724003106949606,0.2572400310694963,0.2568290082322262,0.2567211966414374,0.2565742037301281,0.2564931701881047
2026-05-12,239,0.25247391588823614,False,1.0,0.25264907605260606,0.25264907605260606,0.2529478997343593,0.25294789973435955,0.2528693991284051,0.25261803006042777,0.25269874112569796,0.25249155356352077
2026-05-13,240,0.2478444286033279,True,0.0,0.2479317025539629,0.24793170255396288,0.24852087065131348,0.2485208706513137,0.24878337349952612,0.2483595567367975,0.2487133111212225,0.2483504134584628
2026-05-14,241,0.24339322953185977,False,1.0,0.2434098531415045,0.2434098531415045,0.24398702707257774,0.24398702707257805,0.24456739395357885,0.24395432374733012,0.24461220378900686,0.24407053905276904
2026-05-15,242,0.23894203046039167,False,2.0,0.23892291330930016,0.23892291330930013,0.23938004538232208,0.23938004538232238,0.2402215124956985,0.23942078648248785,0.24039100337444555,0.2396580634166662
2026-05-16,243,0.23449083138892354,False,3.0,0.234464649203733,0.234464649203733,0.23476732005206674,0.23469287919520618,0.23575102278091392,0.2347895024058903,0.23604731282112032,0.2351261012819704
2026-05-17,244,0.23003963231745544,False,4.0,0.23002467106877508,0.23002467106877508,0.23011678898047971,0.2300673804525687,0.23116852607751398,0.23010438134902206,0.23158171809655345,0.2304964804857658
2026-05-18,245,0.22558843324598732,False,5.0,0.22558843324598724,0.22558843324598726,0.2255117315958553,0.2255598684935244,0.2264963160682548,0.2254215296760742,0.22699904578334593,0.2258013027582468
2026-05-19,246,0.2211372341745192,False,6.0,0.22113723417451916,0.2211372341745192,0.2210613374892312,0.22112352677317632,0.221768700542067,0.2208032509404165,0.22230996024379923,0.22108381983129943
2026-05-20,247,0.2166860351030511,False,5.0,0.21668603510305107,0.21668603510305107,0.21662610629181078,0.21669192941705168,0.21703322323220725,0.21630372599478295,0.21753291505783345,0.21639770855808796
2026-05-21,248,0.21223483603158297,False,4.0,0.2122348360315829,0.2122348360315829,0.21219970276599334,0.21225301443765904,0.21234830391088688,0.21194301480131103,0.21269638920070377,0.211803223354707
2026-05-22,249,0.20778363696011487,False,3.0,0.20778363696011493,0.20778363696011476,0.20777217557496516,0.2077978700527847,0.20777166415855539,0.20767172418164284,0.20784114499420894,0.20735789227778093
2026-05-23,250,0.20333243788864674,False,2.0,0.20333243788864674,0.2033324378886466,0.2033324378886467,0.20333243788864705,0.20332703312469447,0.2033542409364211,0.20302182869527208,0.20309859915185274
2026-05-24,251,0.19888123881717862,False,1.0,0.19888123881717867,0.19888123881717862,0.19888123881717862,0.19888123881717915,0.19892148705937682,0.19888800052186736,0.19830636661404985,0.19901188747679088
2026-05-25,252,0.19443003974571052,True,0.0,0.19443003974571058,0.19443003974571044,0.19443003974571046,0.1944300397457102,0.19450607442497184,0.1943930573608798,0.19376982307303023,0.1949928037357718
2026-05-26,253,,False,1.0,,,,,,,,
2026-05-27,254,,False,2.0,,,,,,,,
2026-05-28,255,,False,3.0,,,,,,,,
2026-05-29,256,,False,4.0,,,,,,,,
2026-05-30,257,,False,5.0,,,,,,,,
2026-05-31,258,,False,6.0,,,,,,,,
